{
    "shoulder_pan": {
        "id": 1,
        "homing_offset": -441,
        "hw_range_min": 574,
        "hw_range_max": 2647,
        "sim_range_min": -1.9198621771937616,
        "sim_range_max": 1.9198621771937634
    },
    "shoulder_lift": {
        "id": 2,
        "homing_offset": 128,
        "hw_range_min": 951,
        "hw_range_max": 3419,
        "sim_range_min": -1.7453292519943224,
        "sim_range_max": 1.7453292519943366
    },
    "elbow_flex": {
        "id": 3,
        "homing_offset": 408,
        "hw_range_min": 1292,
        "hw_range_max": 3506,
        "sim_range_min": -1.69,
        "sim_range_max": 1.69
    },
    "wrist_flex": {
        "id": 4,
        "homing_offset": -1384,
        "hw_range_min": 637,
        "hw_range_max": 1981,
        "sim_range_min": -1.6580628494556928,
        "sim_range_max": 1.6580627293335335
    },
    "wrist_roll": {
        "id": 5,
        "homing_offset": -56,
        "hw_range_min": 204,
        "hw_range_max": 3961,
        "sim_range_min": -2.7438472969992493,
        "sim_range_max": 2.841206309382605
    },
    "gripper": {
        "id": 6,
        "homing_offset": -58,
        "hw_range_min": 1142,
        "hw_range_max": 2568,
        "sim_range_min": -0.17453297762778586,
        "sim_range_max": 1.7453291995659765
    }
}